candidate_index,params,mean_validation_auc,std_validation_auc,sklearn_rank,mean_fit_time_seconds,mean_score_time_seconds,fold1_validation_auc,fold2_validation_auc,fold3_validation_auc,fold4_validation_auc,fold5_validation_auc
0,"{'clf__estimator__interactions': 20, 'clf__estimator__learning_rate': 0.01, 'clf__estimator__max_bins': 256, 'clf__estimator__max_leaves': 2, 'clf__estimator__min_samples_leaf': 5}",0.7538115236427464,0.0028633420832168727,1,135.9109848022461,0.2827805995941162,0.7503353120305548,0.7504476560330895,0.7549420172915026,0.7565760740848456,0.7567565587737389
1,"{'clf__estimator__interactions': 10, 'clf__estimator__learning_rate': 0.01, 'clf__estimator__max_bins': 256, 'clf__estimator__max_leaves': 2, 'clf__estimator__min_samples_leaf': 5}",0.7534834728273114,0.002852584385949827,4,131.57840847969055,0.2651497840881348,0.7501372864528818,0.7499504824730443,0.7548741700414954,0.7563034155135385,0.7561520096555969
2,"{'clf__estimator__interactions': 20, 'clf__estimator__learning_rate': 0.02, 'clf__estimator__max_bins': 512, 'clf__estimator__max_leaves': 3, 'clf__estimator__min_samples_leaf': 5}",0.7532459701291183,0.0032638676630396516,7,84.58031592369079,0.26717400550842285,0.7487662253951439,0.7499154984738404,0.7548475354454429,0.7559860699485712,0.7567145213825928
3,"{'clf__estimator__interactions': 10, 'clf__estimator__learning_rate': 0.05, 'clf__estimator__max_bins': 512, 'clf__estimator__max_leaves': 2, 'clf__estimator__min_samples_leaf': 5}",0.7531854376015693,0.0030248249188481054,9,82.68285460472107,0.2628180980682373,0.7496092145349081,0.7495062997916656,0.7547204352644055,0.7554519412535475,0.75663929716332
4,"{'clf__estimator__interactions': 20, 'clf__estimator__learning_rate': 0.02, 'clf__estimator__max_bins': 512, 'clf__estimator__max_leaves': 2, 'clf__estimator__min_samples_leaf': 5}",0.753727991217332,0.0029437073071329465,3,102.9646324634552,0.26714448928833007,0.7498030932423493,0.7506461825749515,0.7549809088113811,0.756216396109965,0.7569933753480136
5,"{'clf__estimator__interactions': 10, 'clf__estimator__learning_rate': 0.02, 'clf__estimator__max_bins': 512, 'clf__estimator__max_leaves': 3, 'clf__estimator__min_samples_leaf': 2}",0.7527941845330052,0.003111051587072661,13,81.846320438385,0.2618626594543457,0.7488515395965435,0.7492008118291672,0.7548427261892278,0.7549532370761685,0.7561226079739187
6,"{'clf__estimator__interactions': 10, 'clf__estimator__learning_rate': 0.05, 'clf__estimator__max_bins': 512, 'clf__estimator__max_leaves': 3, 'clf__estimator__min_samples_leaf': 5}",0.752547916494913,0.003242784873809018,16,74.61204438209533,0.26285881996154786,0.7484700108364121,0.7489282984428474,0.7539252436745479,0.7550087841003009,0.756407245420457
7,"{'clf__estimator__interactions': 20, 'clf__estimator__learning_rate': 0.01, 'clf__estimator__max_bins': 256, 'clf__estimator__max_leaves': 2, 'clf__estimator__min_samples_leaf': 2}",0.7537714078504256,0.0028299727709023077,2,135.22776193618773,0.2694985389709473,0.750324507902877,0.7504431696204628,0.7549391339642809,0.7565877857732689,0.7565624419912391
8,"{'clf__estimator__interactions': 20, 'clf__estimator__learning_rate': 0.01, 'clf__estimator__max_bins': 512, 'clf__estimator__max_leaves': 5, 'clf__estimator__min_samples_leaf': 2}",0.7528351771468136,0.0030669567068108616,11,91.10125102996827,0.26488709449768066,0.748557429087406,0.7497893556910311,0.7544146300245873,0.7552261684006757,0.7561883025303681
9,"{'clf__estimator__interactions': 20, 'clf__estimator__learning_rate': 0.01, 'clf__estimator__max_bins': 256, 'clf__estimator__max_leaves': 3, 'clf__estimator__min_samples_leaf': 5}",0.7532431403500693,0.002826109128732179,8,97.23022561073303,0.268048095703125,0.7495811215764386,0.7501336516793767,0.7545302970895762,0.756267573516506,0.7557030578884489
10,"{'clf__estimator__interactions': 20, 'clf__estimator__learning_rate': 0.05, 'clf__estimator__max_bins': 256, 'clf__estimator__max_leaves': 5, 'clf__estimator__min_samples_leaf': 2}",0.7524816237857129,0.003057251073402391,18,73.9112503528595,0.2694995403289795,0.7481837821638491,0.749875861073947,0.7530850265366297,0.7548373336653574,0.7564261154887815
11,"{'clf__estimator__interactions': 10, 'clf__estimator__learning_rate': 0.005, 'clf__estimator__max_bins': 256, 'clf__estimator__max_leaves': 3, 'clf__estimator__min_samples_leaf': 5}",0.7528209112676231,0.002784748256632697,12,126.81190867424012,0.2651670932769775,0.7494528970091101,0.7494837508368886,0.7541512007888962,0.7557078394190362,0.7553088682841844
12,"{'clf__estimator__interactions': 10, 'clf__estimator__learning_rate': 0.02, 'clf__estimator__max_bins': 256, 'clf__estimator__max_leaves': 3, 'clf__estimator__min_samples_leaf': 2}",0.7529111637296854,0.0030892852315228332,10,79.85518245697021,0.2642862796783447,0.7491760808970332,0.7491496021565061,0.7547399784340482,0.7554198732701797,0.7560702838906594
13,"{'clf__estimator__interactions': 20, 'clf__estimator__learning_rate': 0.05, 'clf__estimator__max_bins': 512, 'clf__estimator__max_leaves': 2, 'clf__estimator__min_samples_leaf': 2}",0.7533911484377602,0.0029528804610866773,6,85.03027830123901,0.2669075489044189,0.7496183042518055,0.7501993336508332,0.7544375352205654,0.7558175641349092,0.7568830049306876
14,"{'clf__estimator__interactions': 10, 'clf__estimator__learning_rate': 0.02, 'clf__estimator__max_bins': 512, 'clf__estimator__max_leaves': 5, 'clf__estimator__min_samples_leaf': 2}",0.7525876279650092,0.0032817306882088424,14,77.02555918693542,0.2614093780517578,0.748081769156147,0.7491672249634241,0.7546419787061275,0.7550837912302921,0.7559633757690556
15,"{'clf__estimator__interactions': 20, 'clf__estimator__learning_rate': 0.005, 'clf__estimator__max_bins': 256, 'clf__estimator__max_leaves': 5, 'clf__estimator__min_samples_leaf': 2}",0.7523517463755899,0.002559774981769626,19,110.42718272209167,0.26797914505004883,0.7490869315364527,0.7495333073277256,0.7533089463966091,0.7551440975194443,0.7546854490977178
16,"{'clf__estimator__interactions': 10, 'clf__estimator__learning_rate': 0.005, 'clf__estimator__max_bins': 256, 'clf__estimator__max_leaves': 5, 'clf__estimator__min_samples_leaf': 5}",0.7521206747485534,0.0026796503832113377,20,110.81748094558716,0.26427493095397947,0.7487529275790583,0.7490733387081226,0.753250194429768,0.7548864348077436,0.7546404782180743
17,"{'clf__estimator__interactions': 10, 'clf__estimator__learning_rate': 0.05, 'clf__estimator__max_bins': 512, 'clf__estimator__max_leaves': 3, 'clf__estimator__min_samples_leaf': 2}",0.7525604161605584,0.0032213265307345436,15,73.76915202140808,0.26134800910949707,0.748581625657738,0.7488942774081404,0.7538982751023693,0.7550305987899065,0.7563973038446378
18,"{'clf__estimator__interactions': 10, 'clf__estimator__learning_rate': 0.01, 'clf__estimator__max_bins': 512, 'clf__estimator__max_leaves': 2, 'clf__estimator__min_samples_leaf': 2}",0.7534013177604524,0.0028532071302923324,5,130.89546718597413,0.26147141456604006,0.7498182668910096,0.7500662998272899,0.7549815934624395,0.7560644002144886,0.7560760284070343
19,"{'clf__estimator__interactions': 10, 'clf__estimator__learning_rate': 0.01, 'clf__estimator__max_bins': 256, 'clf__estimator__max_leaves': 5, 'clf__estimator__min_samples_leaf': 2}",0.752537041644621,0.0027658910817915734,17,86.28310594558715,0.2640690803527832,0.7490097385211849,0.7493212269214148,0.7543299169802146,0.7550292405902985,0.7549950852099923
