model,feature,mean_abs_attribution,rank
LR,term,0.36649034595969726,1
LR,loan_amnt,0.18055752953732954,2
LR,dti,0.17152838735257775,3
LR,addr_state,0.1686312170352711,4
LR,acc_open_past_24mths,0.15842565851250062,5
LR,total_il_high_credit_limit,0.1458300292031751,6
LR,total_bal_ex_mort,0.13879838538504205,7
LR,home_ownership,0.131200110166632,8
LR,purpose,0.12574765533812196,9
LR,total_acc,0.12490820718400085,10
LR,annual_inc,0.12302593403979299,11
LR,mo_sin_old_rev_tl_op,0.11963023865782872,12
LR,percent_bc_gt_75,0.10912965252389589,13
LR,credit_history_months,0.1074397662108944,14
LR,total_bc_limit,0.10529184076575562,15
LR,fico_range_low,0.10517212781740243,16
LR,fico_range_high,0.10499259050092188,17
LR,num_rev_tl_bal_gt_0,0.08569308687863991,18
LR,inq_last_6mths,0.06846789380632981,19
LR,bc_util,0.06493095983590826,20
LR,num_tl_op_past_12m,0.060218070480500374,21
LR,verification_status,0.055222574999675075,22
LR,delinq_2yrs,0.052229732106663436,23
LR,num_sats,0.050029564053157706,24
LR,revol_bal,0.04886468535081222,25
LR,avg_cur_bal,0.042281603841992935,26
LR,revol_util,0.04162895327910662,27
LR,mths_since_recent_bc,0.039773509434337176,28
LR,total_rev_hi_lim,0.03829346867849413,29
LR,num_op_rev_tl,0.03696712907702773,30
LR,pct_tl_nvr_dlq,0.03455578614021537,31
LR,num_actv_rev_tl,0.03164240307205859,32
LR,mths_since_recent_inq,0.029718874165881946,33
LR,num_bc_tl,0.029218855149738068,34
LR,num_bc_sats,0.027568370351114955,35
LR,mort_acc,0.023517126904274384,36
LR,num_rev_accts,0.02199775867890174,37
LR,bc_open_to_buy,0.020513552140685603,38
LR,num_actv_bc_tl,0.01929787288640291,39
LR,mo_sin_old_il_acct,0.019260020959421455,40
LR,mo_sin_rcnt_tl,0.016420604316637052,41
LR,num_accts_ever_120_pd,0.016084602582268417,42
LR,num_il_tl,0.015859777246165666,43
LR,emp_length,0.015762707738275986,44
LR,mo_sin_rcnt_rev_tl_op,0.012815246167740182,45
LR,pub_rec,0.00961263053036642,46
LR,pub_rec_bankruptcies,0.007736390300746227,47
LR,num_tl_90g_dpd_24m,0.006396515901024234,48
LR,application_type,0.004998580119635637,49
LR,collections_12_mths_ex_med,0.0030471358027158073,50
LR,num_tl_30dpd,0.0026739788285326297,51
LR,tot_hi_cred_lim,0.0014987950137276256,52
LR,initial_list_status,0.0014883280110137068,53
LR,open_acc,0.0008360670026459962,54
LR,tax_liens,0.000708992068470041,55
LR,tot_cur_bal,0.0006899880965507096,56
LR,tot_coll_amt,0.0005353719054508843,57
LR,acc_now_delinq,0.0004907224502824361,58
LR,chargeoff_within_12_mths,0.0001652929017428632,59
LR,delinq_amnt,0.00013896250840188726,60
LR,num_tl_120dpd_2m,4.772184492609535e-05,61
LR,disbursement_method,0.0,62
EBM,term,0.40669181094428186,1
EBM,loan_amnt,0.2387694935320639,2
EBM,annual_inc,0.18853753724218275,3
EBM,acc_open_past_24mths,0.15873331444226874,4
EBM,dti,0.14996266645463743,5
EBM,purpose,0.13176395940603414,6
EBM,addr_state,0.12618540961194402,7
EBM,home_ownership,0.09712638471911018,8
EBM,total_bc_limit,0.09671063119851757,9
EBM,fico_range_high,0.09183348514818696,10
EBM,fico_range_low,0.0879342883126354,11
EBM,mo_sin_old_rev_tl_op,0.08139466601378609,12
EBM,num_tl_op_past_12m,0.08044536622419803,13
EBM,total_acc,0.0745630763891621,14
EBM,bc_util,0.07316225430007647,15
EBM,mths_since_recent_bc,0.07080068074517719,16
EBM,percent_bc_gt_75,0.07004480550991908,17
EBM,mo_sin_rcnt_rev_tl_op,0.0700009313479947,18
EBM,mths_since_recent_inq,0.06033099574836442,19
EBM,credit_history_months,0.05872574268037375,20
EBM,revol_util,0.056961356555845194,21
EBM,total_il_high_credit_limit,0.056271998148262184,22
EBM,mo_sin_rcnt_tl,0.05176820837981513,23
EBM,delinq_2yrs,0.05149343678863971,24
EBM,revol_bal,0.0509853001104849,25
EBM,inq_last_6mths,0.04956068976509588,26
EBM,emp_length,0.048548786872069184,27
EBM,verification_status,0.042041623574730215,28
EBM,tot_hi_cred_lim,0.04101508892519726,29
EBM,total_rev_hi_lim,0.0395283017516104,30
EBM,bc_open_to_buy,0.03763148020674179,31
EBM,num_il_tl,0.03553121387655893,32
EBM,pct_tl_nvr_dlq,0.03257668326840077,33
EBM,num_rev_tl_bal_gt_0,0.030609892702038073,34
EBM,mo_sin_old_il_acct,0.0297160541909157,35
EBM,total_bal_ex_mort,0.026126621468682464,36
EBM,mort_acc,0.025422235570293925,37
EBM,avg_cur_bal,0.02344639542430663,38
EBM,tot_cur_bal,0.020248218514522145,39
EBM,num_actv_rev_tl,0.019512156033166646,40
EBM,num_actv_bc_tl,0.01928725488227793,41
EBM,num_op_rev_tl,0.01828557536764618,42
EBM,num_bc_sats,0.016801834816481172,43
EBM,num_rev_accts,0.016736883005826944,44
EBM,num_accts_ever_120_pd,0.01467086757607997,45
EBM,num_bc_tl,0.011792633671858817,46
EBM,initial_list_status,0.010197416867936954,47
EBM,tot_coll_amt,0.007657914354519224,48
EBM,num_sats,0.006987826900708825,49
EBM,open_acc,0.006860207910355154,50
EBM,pub_rec,0.0044772069221037615,51
EBM,collections_12_mths_ex_med,0.002976474060099481,52
EBM,num_tl_90g_dpd_24m,0.002936347070103973,53
EBM,pub_rec_bankruptcies,0.0019197544143441231,54
EBM,application_type,0.00148857817570166,55
EBM,delinq_amnt,0.0012005393952828256,56
EBM,tax_liens,0.0011184659505740222,57
EBM,acc_now_delinq,0.0004973874184208295,58
EBM,num_tl_30dpd,0.0003696773456723166,59
EBM,chargeoff_within_12_mths,0.0001035067721754152,60
EBM,num_tl_120dpd_2m,4.305669417886889e-05,61
EBM,disbursement_method,0.0,62
XGBoost,term,0.39741240575909614,1
XGBoost,loan_amnt,0.20826633567093086,2
XGBoost,fico_range_low,0.202906032053761,3
XGBoost,annual_inc,0.17212590682463633,4
XGBoost,dti,0.1519424312830306,5
XGBoost,acc_open_past_24mths,0.15099807444907493,6
XGBoost,addr_state,0.13156394670389826,7
XGBoost,purpose,0.10800539020728862,8
XGBoost,home_ownership,0.09469285894563177,9
XGBoost,num_tl_op_past_12m,0.07893155185635987,10
XGBoost,mo_sin_old_rev_tl_op,0.0737532347637516,11
XGBoost,percent_bc_gt_75,0.06866021857719898,12
XGBoost,total_bc_limit,0.06794787080495462,13
XGBoost,mths_since_recent_bc,0.06494212808946032,14
XGBoost,mths_since_recent_inq,0.06139889067204058,15
XGBoost,delinq_2yrs,0.05579362277686596,16
XGBoost,tot_hi_cred_lim,0.049926925182825474,17
XGBoost,inq_last_6mths,0.04933826344672457,18
XGBoost,verification_status,0.04803750433246334,19
XGBoost,bc_open_to_buy,0.047247896521480016,20
XGBoost,mo_sin_rcnt_rev_tl_op,0.04594750202695468,21
XGBoost,num_il_tl,0.04567431194834262,22
XGBoost,total_il_high_credit_limit,0.04525888189312309,23
XGBoost,bc_util,0.04495862496621794,24
XGBoost,revol_util,0.04428382993479386,25
XGBoost,mo_sin_rcnt_tl,0.042847166566427404,26
XGBoost,revol_bal,0.042036234083153434,27
XGBoost,num_rev_tl_bal_gt_0,0.03963872598771013,28
XGBoost,credit_history_months,0.039457413696296496,29
XGBoost,total_acc,0.03812157702424156,30
XGBoost,emp_length,0.03602423122300706,31
XGBoost,pct_tl_nvr_dlq,0.0335767740152578,32
XGBoost,mort_acc,0.03259151656524227,33
XGBoost,total_rev_hi_lim,0.030608412607717128,34
XGBoost,num_rev_accts,0.025994651519283252,35
XGBoost,avg_cur_bal,0.024098002672193617,36
XGBoost,mo_sin_old_il_acct,0.02305983276677364,37
XGBoost,num_actv_bc_tl,0.01686460438358165,38
XGBoost,num_bc_sats,0.01674630418929064,39
XGBoost,tot_cur_bal,0.016142966091340895,40
XGBoost,total_bal_ex_mort,0.015550840701889683,41
XGBoost,num_accts_ever_120_pd,0.014421412650019193,42
XGBoost,pub_rec,0.008412351680949087,43
XGBoost,num_op_rev_tl,0.006419305721502724,44
XGBoost,num_bc_tl,0.005779435357912206,45
XGBoost,num_actv_rev_tl,0.005738615875965706,46
XGBoost,application_type,0.004722199103437383,47
XGBoost,initial_list_status,0.0037877728535655707,48
XGBoost,pub_rec_bankruptcies,0.003765811232005447,49
XGBoost,collections_12_mths_ex_med,0.0036674692411133945,50
XGBoost,open_acc,0.003242226928244767,51
XGBoost,num_sats,0.003194630012192192,52
XGBoost,tot_coll_amt,0.002926448719682753,53
XGBoost,num_tl_90g_dpd_24m,0.0012920585083270523,54
XGBoost,delinq_amnt,0.0008404547452655607,55
XGBoost,tax_liens,0.0004032327509268425,56
XGBoost,num_tl_30dpd,0.0003873114988573434,57
XGBoost,chargeoff_within_12_mths,0.00035757063315963934,58
XGBoost,acc_now_delinq,1.3802376944624939e-05,59
XGBoost,disbursement_method,0.0,60
XGBoost,fico_range_high,0.0,61
XGBoost,num_tl_120dpd_2m,0.0,62
CatBoost,term,0.4059810939018573,1
CatBoost,loan_amnt,0.21463838334636304,2
CatBoost,acc_open_past_24mths,0.1675871945937315,3
CatBoost,annual_inc,0.16663968358014314,4
CatBoost,dti,0.16227501984304615,5
CatBoost,addr_state,0.11623465258886152,6
CatBoost,purpose,0.10752147767590903,7
CatBoost,fico_range_high,0.10270923865069342,8
CatBoost,home_ownership,0.09727602956327243,9
CatBoost,fico_range_low,0.09510971038807554,10
CatBoost,num_tl_op_past_12m,0.08100795684979882,11
CatBoost,total_bc_limit,0.07554732374056906,12
CatBoost,mo_sin_old_rev_tl_op,0.06981715952140033,13
CatBoost,mths_since_recent_bc,0.06951105528182351,14
CatBoost,percent_bc_gt_75,0.06119502542095769,15
CatBoost,mths_since_recent_inq,0.06100646259254566,16
CatBoost,tot_hi_cred_lim,0.055222017543699375,17
CatBoost,bc_open_to_buy,0.05336480473011191,18
CatBoost,inq_last_6mths,0.05319180685940827,19
CatBoost,verification_status,0.05017535794184611,20
CatBoost,delinq_2yrs,0.048344545712237535,21
CatBoost,revol_bal,0.047902982504467166,22
CatBoost,mo_sin_rcnt_rev_tl_op,0.04574318086571872,23
CatBoost,mo_sin_rcnt_tl,0.041845506574381644,24
CatBoost,num_il_tl,0.040687544988854886,25
CatBoost,total_acc,0.04068484943190054,26
CatBoost,num_rev_tl_bal_gt_0,0.040089350878961365,27
CatBoost,emp_length,0.03826370431507898,28
CatBoost,bc_util,0.03783325885062768,29
CatBoost,revol_util,0.037351469870161226,30
CatBoost,total_il_high_credit_limit,0.03672081258916145,31
CatBoost,mort_acc,0.03477523216035325,32
CatBoost,credit_history_months,0.032398859975900904,33
CatBoost,pct_tl_nvr_dlq,0.02729204658902997,34
CatBoost,total_rev_hi_lim,0.02550728625976731,35
CatBoost,mo_sin_old_il_acct,0.02232646537615925,36
CatBoost,num_rev_accts,0.020131464168676144,37
CatBoost,num_actv_bc_tl,0.016354683381430906,38
CatBoost,avg_cur_bal,0.016342450843715096,39
CatBoost,num_bc_sats,0.014122212423393083,40
CatBoost,tot_cur_bal,0.012352811097552848,41
CatBoost,num_accts_ever_120_pd,0.011952487414354857,42
CatBoost,total_bal_ex_mort,0.011630081154088935,43
CatBoost,num_actv_rev_tl,0.010694047133267963,44
CatBoost,initial_list_status,0.006742965732157179,45
CatBoost,num_op_rev_tl,0.00655717415741504,46
CatBoost,pub_rec,0.006482633043335298,47
CatBoost,num_bc_tl,0.005539362689674922,48
CatBoost,pub_rec_bankruptcies,0.005172670559597459,49
CatBoost,num_sats,0.0029395535795760075,50
CatBoost,collections_12_mths_ex_med,0.002887805763000343,51
CatBoost,tot_coll_amt,0.002551447893934463,52
CatBoost,open_acc,0.0023842508529479806,53
CatBoost,application_type,0.0008967621579875127,54
CatBoost,num_tl_90g_dpd_24m,0.0008300506260675145,55
CatBoost,delinq_amnt,0.0007245228150243787,56
CatBoost,tax_liens,0.0002751257219522299,57
CatBoost,chargeoff_within_12_mths,0.00017772241752979552,58
CatBoost,num_tl_30dpd,0.00016910077389072347,59
CatBoost,acc_now_delinq,6.952393736867246e-05,60
CatBoost,disbursement_method,0.0,61
CatBoost,num_tl_120dpd_2m,0.0,62
