dataset,model,n_train,rep,auc,n_encoded_features,top10,elapsed_seconds
lending_club,LR,10000,0,0.694722863315723,141,addr_state|term|total_acc|loan_amnt|total_bal_ex_mort|dti|total_il_high_credit_limit|num_rev_tl_bal_gt_0|acc_open_past_24mths|percent_bc_gt_75,0.9398221969604492
lending_club,EBM,10000,0,0.69960539354712,141,term|addr_state|loan_amnt|dti|annual_inc|home_ownership|acc_open_past_24mths|total_acc|verification_status|purpose,6.799684286117554
lending_club,XGBoost,10000,0,0.6566164436290574,141,term|loan_amnt|addr_state|fico_range_low|annual_inc|dti|acc_open_past_24mths|total_acc|bc_util|tot_cur_bal,1.5310702323913574
lending_club,CatBoost,10000,0,0.6788481925473796,141,term|loan_amnt|dti|addr_state|annual_inc|acc_open_past_24mths|fico_range_high|home_ownership|total_acc|percent_bc_gt_75,2.975994348526001
lending_club,LR,10000,1,0.6950181695247187,140,term|addr_state|dti|num_actv_rev_tl|num_rev_tl_bal_gt_0|tot_hi_cred_lim|purpose|home_ownership|total_bal_ex_mort|total_bc_limit,0.999514102935791
lending_club,EBM,10000,1,0.6988292802362809,140,term|addr_state|dti|verification_status|home_ownership|loan_amnt|purpose|fico_range_low|fico_range_high|acc_open_past_24mths,7.426968336105347
lending_club,XGBoost,10000,1,0.6610593172364301,140,term|fico_range_low|dti|addr_state|loan_amnt|mo_sin_old_rev_tl_op|credit_history_months|mths_since_recent_inq|home_ownership|acc_open_past_24mths,1.535186767578125
lending_club,CatBoost,10000,1,0.6784602584651109,140,term|dti|addr_state|loan_amnt|verification_status|home_ownership|fico_range_low|acc_open_past_24mths|fico_range_high|purpose,2.886357069015503
lending_club,LR,10000,2,0.6928504393184242,140,open_acc|addr_state|term|num_sats|total_bal_ex_mort|mo_sin_old_rev_tl_op|credit_history_months|loan_amnt|tot_cur_bal|total_acc,0.9720702171325684
lending_club,EBM,10000,2,0.6962939556568719,140,term|loan_amnt|addr_state|annual_inc|verification_status|dti|home_ownership|purpose|acc_open_past_24mths|fico_range_high,6.217205762863159
lending_club,XGBoost,10000,2,0.6654816440223287,140,term|fico_range_low|loan_amnt|dti|annual_inc|addr_state|acc_open_past_24mths|mo_sin_old_rev_tl_op|purpose|mths_since_recent_bc,1.5959296226501465
lending_club,CatBoost,10000,2,0.6826073922328731,140,term|loan_amnt|dti|annual_inc|fico_range_high|addr_state|acc_open_past_24mths|purpose|verification_status|home_ownership,2.7951972484588623
lending_club,LR,50000,0,0.7045851819433324,141,term|total_acc|loan_amnt|addr_state|num_sats|dti|total_bal_ex_mort|total_il_high_credit_limit|purpose|num_rev_accts,1.6787614822387695
lending_club,EBM,50000,0,0.7129813216843315,141,term|loan_amnt|dti|addr_state|acc_open_past_24mths|annual_inc|home_ownership|verification_status|purpose|total_acc,15.100560188293457
lending_club,XGBoost,50000,0,0.696889955718072,141,term|fico_range_low|loan_amnt|dti|addr_state|annual_inc|acc_open_past_24mths|home_ownership|purpose|mo_sin_old_rev_tl_op,2.035047769546509
lending_club,CatBoost,50000,0,0.7100273113380511,141,term|dti|loan_amnt|acc_open_past_24mths|annual_inc|fico_range_high|home_ownership|addr_state|purpose|verification_status,3.1439080238342285
lending_club,LR,50000,1,0.7053104418321245,141,term|addr_state|dti|loan_amnt|purpose|total_il_high_credit_limit|total_bal_ex_mort|acc_open_past_24mths|credit_history_months|home_ownership,1.5974507331848145
lending_club,EBM,50000,1,0.7120784832082563,141,term|loan_amnt|dti|addr_state|purpose|acc_open_past_24mths|annual_inc|verification_status|home_ownership|fico_range_high,16.45167636871338
lending_club,XGBoost,50000,1,0.6972719636737438,141,term|fico_range_low|dti|loan_amnt|addr_state|annual_inc|purpose|acc_open_past_24mths|total_il_high_credit_limit|mo_sin_old_rev_tl_op,2.032956600189209
lending_club,CatBoost,50000,1,0.7107047507555364,141,term|dti|loan_amnt|purpose|annual_inc|fico_range_high|acc_open_past_24mths|addr_state|fico_range_low|verification_status,2.970907688140869
lending_club,LR,50000,2,0.704552049763662,142,total_acc|term|credit_history_months|loan_amnt|purpose|dti|mo_sin_old_rev_tl_op|addr_state|home_ownership|acc_open_past_24mths,1.7188656330108643
lending_club,EBM,50000,2,0.7129321746050215,142,term|loan_amnt|annual_inc|dti|purpose|addr_state|acc_open_past_24mths|home_ownership|total_acc|mo_sin_old_rev_tl_op,16.41351294517517
lending_club,XGBoost,50000,2,0.6971553146179633,142,term|fico_range_low|loan_amnt|dti|annual_inc|addr_state|purpose|acc_open_past_24mths|home_ownership|mo_sin_old_rev_tl_op,2.035853147506714
lending_club,CatBoost,50000,2,0.7100975528417349,142,term|loan_amnt|dti|annual_inc|fico_range_high|acc_open_past_24mths|purpose|fico_range_low|addr_state|home_ownership,3.014364719390869
lending_club,LR,100000,0,0.7062160069989443,141,term|total_acc|dti|addr_state|loan_amnt|total_bal_ex_mort|total_il_high_credit_limit|home_ownership|purpose|credit_history_months,2.5099070072174072
lending_club,EBM,100000,0,0.715940781262939,141,term|loan_amnt|dti|purpose|acc_open_past_24mths|addr_state|home_ownership|annual_inc|verification_status|fico_range_low,33.57687973976135
lending_club,XGBoost,100000,0,0.709488886729788,141,term|fico_range_low|loan_amnt|dti|addr_state|annual_inc|acc_open_past_24mths|purpose|home_ownership|mo_sin_old_rev_tl_op,2.663940906524658
lending_club,CatBoost,100000,0,0.7161775450482263,141,term|dti|loan_amnt|acc_open_past_24mths|annual_inc|purpose|home_ownership|fico_range_high|addr_state|fico_range_low,3.5645711421966553
lending_club,LR,100000,1,0.7063359889984978,141,term|dti|addr_state|loan_amnt|purpose|total_il_high_credit_limit|total_bal_ex_mort|home_ownership|acc_open_past_24mths|credit_history_months,2.4136836528778076
lending_club,EBM,100000,1,0.7157877269872367,141,term|loan_amnt|dti|purpose|addr_state|acc_open_past_24mths|home_ownership|annual_inc|verification_status|fico_range_high,33.64965558052063
lending_club,XGBoost,100000,1,0.7086571333338288,141,term|dti|fico_range_low|loan_amnt|addr_state|acc_open_past_24mths|annual_inc|purpose|home_ownership|total_il_high_credit_limit,2.4806320667266846
lending_club,CatBoost,100000,1,0.7169757389008629,141,term|dti|loan_amnt|acc_open_past_24mths|purpose|annual_inc|fico_range_high|addr_state|home_ownership|verification_status,3.5853271484375
lending_club,LR,100000,2,0.706068755930924,142,term|loan_amnt|total_acc|credit_history_months|dti|addr_state|mo_sin_old_rev_tl_op|home_ownership|purpose|acc_open_past_24mths,2.6141469478607178
lending_club,EBM,100000,2,0.7159688872518909,142,term|loan_amnt|annual_inc|dti|purpose|acc_open_past_24mths|addr_state|home_ownership|fico_range_low|mo_sin_old_rev_tl_op,33.23404383659363
lending_club,XGBoost,100000,2,0.7091877714783514,142,term|fico_range_low|loan_amnt|dti|annual_inc|addr_state|purpose|acc_open_past_24mths|home_ownership|mo_sin_old_rev_tl_op,2.580754041671753
lending_club,CatBoost,100000,2,0.7164679641498601,142,term|loan_amnt|dti|annual_inc|acc_open_past_24mths|fico_range_high|purpose|home_ownership|fico_range_low|addr_state,3.5458550453186035
lending_club,LR,250000,0,0.7069234558332977,141,term|dti|loan_amnt|total_acc|addr_state|home_ownership|total_il_high_credit_limit|purpose|acc_open_past_24mths|total_bal_ex_mort,5.10610556602478
lending_club,EBM,250000,0,0.7181112085107604,141,term|loan_amnt|dti|annual_inc|purpose|acc_open_past_24mths|addr_state|home_ownership|mo_sin_old_rev_tl_op|total_il_high_credit_limit,146.81177258491516
lending_club,XGBoost,250000,0,0.7179965212737027,141,term|fico_range_low|loan_amnt|dti|annual_inc|addr_state|acc_open_past_24mths|purpose|home_ownership|tot_hi_cred_lim,4.216248512268066
lending_club,CatBoost,250000,0,0.7211804441885026,141,term|dti|loan_amnt|acc_open_past_24mths|annual_inc|fico_range_high|home_ownership|purpose|addr_state|fico_range_low,4.854989528656006
lending_club,LR,250000,1,0.7071305451600807,142,term|dti|loan_amnt|addr_state|purpose|total_il_high_credit_limit|total_acc|acc_open_past_24mths|home_ownership|total_bal_ex_mort,5.392942190170288
lending_club,EBM,250000,1,0.7181089858567181,142,term|loan_amnt|dti|purpose|acc_open_past_24mths|addr_state|annual_inc|home_ownership|fico_range_low|total_acc,142.6648292541504
lending_club,XGBoost,250000,1,0.7184880210244936,142,term|fico_range_low|loan_amnt|dti|addr_state|annual_inc|acc_open_past_24mths|purpose|home_ownership|mths_since_recent_bc,4.3372721672058105
lending_club,CatBoost,250000,1,0.7213260643766637,142,term|dti|loan_amnt|acc_open_past_24mths|annual_inc|purpose|addr_state|fico_range_high|home_ownership|fico_range_low,5.028117418289185
lending_club,LR,250000,2,0.7070510798971216,142,term|loan_amnt|dti|addr_state|purpose|credit_history_months|home_ownership|total_acc|acc_open_past_24mths|mo_sin_old_rev_tl_op,5.310235261917114
lending_club,EBM,250000,2,0.7182585557010259,142,term|loan_amnt|dti|purpose|annual_inc|acc_open_past_24mths|addr_state|home_ownership|mo_sin_old_rev_tl_op|credit_history_months,154.9448742866516
lending_club,XGBoost,250000,2,0.7189758432782112,142,term|fico_range_low|loan_amnt|dti|annual_inc|addr_state|purpose|acc_open_past_24mths|home_ownership|mo_sin_old_rev_tl_op,4.310667514801025
lending_club,CatBoost,250000,2,0.7214504703334076,142,term|loan_amnt|dti|acc_open_past_24mths|annual_inc|purpose|fico_range_high|home_ownership|addr_state|fico_range_low,4.937785625457764
